Event Schema Status,Counts,Percentage
LIVE,620,96.42301710730948
UNEXPECTED,23,3.576982892690513
